{
    "POE-0.0001-in-50-years": {
        "1": {
            "PFA": {
                "0": [
                    1.1454943934760446
                ],
                "1": [
                    1.1454943934760446
                ],
                "2": [
                    1.1454943934760446
                ],
                "3": [
                    1.1454943934760446
                ],
                "4": [
                    1.1454943934760446
                ],
                "5": [
                    1.1455045871559633
                ],
                "global": [
                    3586.70744138634
                ]
            },
            "disp": {
                "0": [
                    1.5023727039050182e-11
                ],
                "1": [
                    0.020887525666265068
                ],
                "2": [
                    0.03662452066112094
                ],
                "3": [
                    0.050190246125523
                ],
                "4": [
                    0.0574435285464644
                ],
                "5": [
                    0.04292801597385574
                ],
                "global": [
                    0.0574435285464644
                ]
            },
            "PSD": {
                "1": [
                    0.7459830594659881
                ],
                "2": [
                    0.562035535530567
                ],
                "3": [
                    0.48449019515721625
                ],
                "4": [
                    0.41134466001451025
                ],
                "5": [
                    0.6903952636616971
                ],
                "global": [
                    0.7459830594659881
                ]
            },
            "RPSD": {
                "1": [
                    0.7459830594659881
                ],
                "2": [
                    0.562035535530567
                ],
                "3": [
                    0.48449019515721625
                ],
                "4": [
                    0.25904580074790723
                ],
                "5": [
                    0.5184111633074521
                ],
                "global": [
                    0.7459830594659881
                ]
            }
        },
        "2": {
            "PFA": {
                "0": [
                    0.5588899082568807
                ],
                "1": [
                    0.5588899082568807
                ],
                "2": [
                    0.5588899082568807
                ],
                "3": [
                    0.5588899082568807
                ],
                "4": [
                    0.5588899082568807
                ],
                "5": [
                    0.5588899082568807
                ],
                "global": [
                    0.9174250764525994
                ]
            },
            "disp": {
                "0": [
                    6.398248612064429e-12
                ],
                "1": [
                    0.0032250143813570423
                ],
                "2": [
                    0.007218448027435172
                ],
                "3": [
                    0.011174599834875032
                ],
                "4": [
                    0.01242276437535867
                ],
                "5": [
                    0.018224405491661592
                ],
                "global": [
                    0.018224405491661592
                ]
            },
            "PSD": {
                "1": [
                    0.11517908493317137
                ],
                "2": [
                    0.14298840552336906
                ],
                "3": [
                    0.17423841606612986
                ],
                "4": [
                    0.17497696946364216
                ],
                "5": [
                    0.483769703072432
                ],
                "global": [
                    0.483769703072432
                ]
            },
            "RPSD": {
                "1": [
                    0.028795222170039367
                ],
                "2": [
                    0.060748176153125236
                ],
                "3": [
                    0.09336721229938806
                ],
                "4": [
                    0.08722780655056622
                ],
                "5": [
                    0.14778838405284603
                ],
                "global": [
                    0.14778838405284603
                ]
            }
        },
        "return-period": 50,
        "intensity-measure": 0.1
    }
}