{
    "POE-0.0005-in-50-years": {
        "1": {
            "PFA": {
                "0": [
                    1.6058002038735983,
                    0.9198603465851172,
                    0.8047410805300713
                ],
                "1": [
                    1.60579001019368,
                    0.9198593272171254,
                    0.8047410805300713
                ],
                "2": [
                    1.60579001019368,
                    0.9198593272171254,
                    0.8047420998980631
                ],
                "3": [
                    1.60579001019368,
                    0.9198583078491334,
                    0.8047410805300713
                ],
                "4": [
                    1.60579001019368,
                    0.9198593272171254,
                    0.8047410805300713
                ],
                "5": [
                    1.60579001019368,
                    0.9198593272171254,
                    0.8047400611620794
                ],
                "global": [
                    24.482466870540264,
                    326.8756371049949,
                    11.384199796126401
                ]
            },
            "disp": {
                "0": [
                    2.289703021611729e-11,
                    6.057818294255016e-11,
                    2.3729520767367534e-11
                ],
                "1": [
                    0.011202507049021974,
                    0.01749314095374908,
                    0.009472574843083574
                ],
                "2": [
                    0.024550204108941466,
                    0.037228250940027637,
                    0.021771246329308953
                ],
                "3": [
                    0.04595575278695257,
                    0.12714131304766313,
                    0.04341858392865009
                ],
                "4": [
                    0.05654922383946482,
                    0.1816008014662882,
                    0.0704876892364831
                ],
                "5": [
                    0.07273901190748763,
                    0.29496238470917,
                    0.12048811014519281
                ],
                "global": [
                    0.07273901190748763,
                    0.29496238470917,
                    0.12048811014519281
                ]
            },
            "PSD": {
                "1": [
                    0.40008953786222184,
                    0.6247550322686656,
                    0.33830624468352993
                ],
                "2": [
                    0.4803788863436512,
                    0.7048253566528057,
                    0.45381803371621926
                ],
                "3": [
                    0.9661005911404459,
                    4.773714586806278,
                    1.0214870020903342
                ],
                "4": [
                    0.5184106068620256,
                    2.608152797072989,
                    1.104588953428875
                ],
                "5": [
                    1.3694334427297596,
                    6.700694905813615,
                    1.7908225077194415
                ],
                "global": [
                    1.3694334427297596,
                    6.700694905813615,
                    1.7908225077194415
                ]
            },
            "RPSD": {
                "1": [
                    0.007370443818269815,
                    0.35565053317433537,
                    0.012571935432482924
                ],
                "2": [
                    0.008439038577637253,
                    0.3232405612107919,
                    0.002495893177399482
                ],
                "3": [
                    0.44670831878554107,
                    2.535165000664546,
                    0.15342446383307565
                ],
                "4": [
                    0.31884307978823606,
                    0.6023354869036466,
                    0.4653423013232891
                ],
                "5": [
                    0.8092110513990592,
                    6.700694905813615,
                    0.22120421067075413
                ],
                "global": [
                    0.8092110513990592,
                    6.700694905813615,
                    0.4653423013232891
                ]
            }
        },
        "2": {
            "PFA": {
                "0": [
                    2.1323037716615696,
                    0.5452996941896023,
                    1.123598369011213
                ],
                "1": [
                    2.1323037716615696,
                    0.5452996941896023,
                    1.123598369011213
                ],
                "2": [
                    2.1323037716615696,
                    0.5453007135575942,
                    1.123598369011213
                ],
                "3": [
                    2.1323037716615696,
                    0.5453007135575942,
                    1.123598369011213
                ],
                "4": [
                    2.1323037716615696,
                    0.5452996941896023,
                    1.123598369011213
                ],
                "5": [
                    2.1323037716615696,
                    0.5453007135575942,
                    1.123598369011213
                ],
                "global": [
                    17.772069317023444,
                    6977.716615698266,
                    65150.76452599388
                ]
            },
            "disp": {
                "0": [
                    1.761460703647689e-11,
                    1.470318063934354e-11,
                    1.8127575792405305e-11
                ],
                "1": [
                    0.009849501306220733,
                    0.007271058224119218,
                    0.014282003162080515
                ],
                "2": [
                    0.021873762036721207,
                    0.01677225318544717,
                    0.026840572839649048
                ],
                "3": [
                    0.06484322464812803,
                    0.08535999289199582,
                    0.09451528487042853
                ],
                "4": [
                    0.07158309792434552,
                    0.0988707266740986,
                    0.11253490853768562
                ],
                "5": [
                    0.12824644752722367,
                    0.22357515253803312,
                    0.22478680102526621
                ],
                "global": [
                    0.12824644752722367,
                    0.22357515253803312,
                    0.22478680102526621
                ]
            },
            "PSD": {
                "1": [
                    0.35176790365705163,
                    0.2596806509526965,
                    0.510071541066495
                ],
                "2": [
                    0.494201497383484,
                    0.33932839147599825,
                    0.46380810972893494
                ],
                "3": [
                    1.8427806377963298,
                    2.6879485769325293,
                    3.1863033236076754
                ],
                "4": [
                    0.4821461631988357,
                    0.6069903126441949,
                    0.6741507564648328
                ],
                "5": [
                    2.878541517136088,
                    5.372157992139657,
                    7.014596336776904
                ],
                "global": [
                    2.878541517136088,
                    5.372157992139657,
                    7.014596336776904
                ]
            },
            "RPSD": {
                "1": [
                    0.35176790365705163,
                    0.01794823131543193,
                    0.49607454155175956
                ],