{"POE-0.0001-in-50-years": {"1": {"PFA": {"0": [1.5681039755351682, 1.5681039755351682], "1": [1.5681039755351682, 1.5681039755351682], "2": [1.5681039755351682, 1.5681039755351682], "3": [1.5681039755351682, 1.5681039755351682], "4": [1.5681039755351682, 1.5681039755351682], "global": [64.76228338430172, 64.76228338430172]}, "disp": {"0": [1.0262066876610303e-13, 1.0262066876610303e-13], "1": [0.11169130169781295, 0.11169130169781295], "2": [0.12538660960843903, 0.12538660960843903], "3": [0.1556005314302595, 0.1556005314302595], "4": [0.16454657953806662, 0.16454657953806662], "global": [0.16454657953806662, 0.16454657953806662]}, "PSD": {"1": [3.1911800485060478, 3.1911800485060478], "2": [0.49253880378813053, 0.49253880378813053], "3": [1.4531983818798833, 1.4531983818798833], "4": [0.35803663875059216, 0.35803663875059216], "global": [3.1911800485060478, 3.1911800485060478]}, "RPSD": {"1": [2.4669858488604386, 2.4669858488604386], "2": [0.11368865164861328, 0.11368865164861328], "3": [0.8151124397240094, 0.8151124397240094], "4": [0.02867529367278154, 0.02867529367278154], "global": [2.4669858488604386, 2.4669858488604386]}}, "2": {"PFA": {"0": [0.7870897043832823, 0.7870897043832823], "1": [0.7870897043832823, 0.7870897043832823], "2": [0.7870897043832823, 0.7870897043832823], "3": [0.7870897043832823, 0.7870897043832823], "4": [0.7870897043832823, 0.7870897043832823], "global": [5.822721712538226, 5.822721712538226]}, "disp": {"0": [5.2119684158961016e-14, 5.2119684158961016e-14], "1": [0.028543477730258688, 0.028543477730258688], "2": [0.04712322545245422, 0.04712322545245422], "3": [0.06886051721981336, 0.06886051721981336], "4": [0.0858586697932411, 0.0858586697932411], "global": [0.0858586697932411, 0.0858586697932411]}, "PSD": {"1": [0.8155279351497094, 0.8155279351497094], "2": [0.8224785625089912, 0.8224785625089912], "3": [1.552626657295813, 1.552626657295813], "4": [0.6054888552771112, 0.6054888552771112], "global": [1.552626657295813, 1.552626657295813]}, "RPSD": {"1": [0.03816350770943835, 0.03816350770943835], "2": [0.09034374914173622, 0.09034374914173622], "3": [0.7210687689589689, 0.7210687689589689], "4": [0.11108922164487624, 0.11108922164487624], "global": [0.7210687689589689, 0.7210687689589689]}}, "return-period": 50, "intensity-measure": 0.1}}