{"eigenvalue": {"Damping": [0.05, 0.04958508810922882, 0.05], "CircFreq": [7.241538891397625, 8.554452504240672, 9.457330377054063]}}