{"eigenvalue": {"Damping": [0.049999999999999996, 0.04991156326430385, 0.049999999999999996], "CircFreq": [12.19465646969681, 12.374368034545306, 15.781578572441104]}}